,,,,EXTERIOR,,INTERIOR,,WBSPM9C53BE198988,C53,E198988,,PACKAGES,MSRP,PROD.,,,DEALER,Port,Carrier,VPC,,,,,VIN fill done Sun Aug 10 2025 11:35:08 GMT-0500 (Central Daylight Time)
,,,,,,,,WBSPM9C55BE201681,C55,E201681,,,,,,,,,,,,,,,
,,,,,,,,WBSPM9C57BE201682,C57,E201682,,,,,,,,,,,,,,,
,,,,,,,,WBSPM9C59BE201683,C59,E201683,,,,,,,,,,,,,,,
,,,,,,,,WBSPM9C50BE201684,C50,E201684,,,,,,,,,,,,,,,
,,,,,,,,WBSPM9C52BE201685,C52,E201685,,,,,,,,,,,,,,,
,,,,,,,,WBSPM9C54BE201686,C54,E201686,,,,,,,,,,,,,,,
,,,,,,,,WBSPM9C56BE201687,C56,E201687,,,,,,,,,,,,,,,
,,,,,,,,WBSPM9C58BE201688,C58,E201688,,,,,,,,,,,,,,,
,,,,,,,,WBSPM9C5XBE201689,C5X,E201689,,,,,,,,,,,,,,,
,,,,,,,,WBSPM9C56BE201690,C56,E201690,,,,,,,,,,,,,,,
,,,,,,,,WBSPM9C58BE201691,C58,E201691,,,,,,,,,,,,,,,
,,,,,,,,WBSPM9C5XBE201692,C5X,E201692,,,,,,,,,,,,,,,
,,,,,,,,WBSPM9C51BE201693,C51,E201693,,,,,,,,,,,,,,,
,,,,,,,,WBSPM9C53BE201694,C53,E201694,,,,,,,,,,,,,,,
,,,,,,,,WBSPM9C55BE201695,C55,E201695,,,,,,,,,,,,,,,
,,,,,,,,WBSPM9C57BE201696,C57,E201696,,,,,,,,,,,,,,,
,,,,,,,,WBSPM9C59BE201697,C59,E201697,,,,,,,,,,,,,,,
,,,,,,,,WBSPM9C50BE201698,C50,E201698,,,,,,,,,,,,,,,
,,,,,,,,WBSPM9C52BE201699,C52,E201699,,,,,,,,,,,,,,,
,,,,,,,,WBSPM9C55BE201700,C55,E201700,,,,,,,,,,,,,,,
,,,,,,,,WBSPM9C57BE201701,C57,E201701,,,,,,,,,,,,,,,
,,,,,,,,WBSPM9C59BE201702,C59,E201702,,,,,,,,,,,,,,,
,,,,,,,,WBSPM9C50BE201703,C50,E201703,,,,,,,,,,,,,,,
,,,,,,,,WBSPM9C52BE201704,C52,E201704,,,,,,,,,,,,,,,
,,,,,,,,WBSPM9C54BE201705,C54,E201705,,,,,,,,,,,,,,,
,,,,,,,,WBSPM9C56BE201706,C56,E201706,,,,,,,,,,,,,,,
,,,,,,,,WBSPM9C58BE201707,C58,E201707,,,,,,,,,,,,,,,
,,,,,,,,WBSPM9C5XBE201708,C5X,E201708,,,,,,,,,,,,,,,
,,,,,,,,WBSPM9C51BE201709,C51,E201709,,,,,,,,,,,,,,,
,,,,,,,,WBSPM9C58BE201710,C58,E201710,,,,,,,,,,,,,,,
,,,,,,,,WBSPM9C5XBE201711,C5X,E201711,,,,,,,,,,,,,,,
,,,,,,,,WBSPM9C51BE201712,C51,E201712,,,,,,,,,,,,,,,
,,,,,,,,WBSPM9C53BE201713,C53,E201713,,,,,,,,,,,,,,,
,,,,,,,,WBSPM9C55BE201714,C55,E201714,,,,,,,,,,,,,,,
,,,,,,,,WBSPM9C57BE201715,C57,E201715,,,,,,,,,,,,,,,
,,,,,,,,WBSPM9C59BE201716,C59,E201716,,,,,,,,,,,,,,,
,,,,,,,,WBSPM9C50BE201717,C50,E201717,,,,,,,,,,,,,,,
,,,,,,,,WBSPM9C52BE201718,C52,E201718,,,,,,,,,,,,,,,
,,,,,,,,WBSPM9C54BE201719,C54,E201719,,,,,,,,,,,,,,,
,,,,,,,,WBSPM9C50BE201720,C50,E201720,,,,,,,,,,,,,,,
,,,,,,,,WBSPM9C52BE201721,C52,E201721,,,,,,,,,,,,,,,
,,,,,,,,WBSPM9C54BE201722,C54,E201722,,,,,,,,,,,,,,,
,,,,,,,,WBSPM9C56BE201723,C56,E201723,,,,,,,,,,,,,,,
,,,,,,,,WBSPM9C58BE201724,C58,E201724,,,,,,,,,,,,,,,
,,,,,,,,WBSPM9C5XBE201725,C5X,E201725,,,,,,,,,,,,,,,
,,,,,,,,WBSPM9C51BE201726,C51,E201726,,,,,,,,,,,,,,,
,,,,,,,,WBSPM9C53BE201727,C53,E201727,,,,,,,,,,,,,,,
,,,,,,,,WBSPM9C55BE201728,C55,E201728,,,,,,,,,,,,,,,
,,,,,,,,WBSPM9C57BE201729,C57,E201729,,,,,,,,,,,,,,,
,,,,,,,,WBSPM9C53BE201730,C53,E201730,,,,,,,,,,,,,,,
,,,,,,,,WBSPM9C55BE201731,C55,E201731,,,,,,,,,,,,,,,
,,,,,,,,WBSPM9C57BE201732,C57,E201732,,,,,,,,,,,,,,,
,,,,,,,,WBSPM9C59BE201733,C59,E201733,,,,,,,,,,,,,,,
,,,,,,,,WBSPM9C50BE201734,C50,E201734,,,,,,,,,,,,,,,
,,,,,,,,WBSPM9C52BE201735,C52,E201735,,,,,,,,,,,,,,,
,,,,,,,,WBSPM9C54BE201736,C54,E201736,,,,,,,,,,,,,,,
,,,,,,,,WBSPM9C56BE201737,C56,E201737,,,,,,,,,,,,,,,
,,,,,,,,WBSPM9C58BE201738,C58,E201738,,,,,,,,,,,,,,,
,,,,,,,,WBSPM9C5XBE201739,C5X,E201739,,,,,,,,,,,,,,,
,,,,,,,,WBSPM9C56BE201740,C56,E201740,,,,,,,,,,,,,,,
,,,,,,,,WBSPM9C58BE201741,C58,E201741,,,,,,,,,,,,,,,
,,,,,,,,WBSPM9C5XBE201742,C5X,E201742,,,,,,,,,,,,,,,
,,,,,,,,WBSPM9C51BE201743,C51,E201743,,,,,,,,,,,,,,,
,,,,,,,,WBSPM9C53BE201744,C53,E201744,,,,,,,,,,,,,,,
,,,,,,,,WBSPM9C55BE201745,C55,E201745,,,,,,,,,,,,,,,
,,,,,,,,WBSPM9C57BE201746,C57,E201746,,,,,,,,,,,,,,,
,,,,,,,,WBSPM9C59BE201747,C59,E201747,,,,,,,,,,,,,,,
,,,,,,,,WBSPM9C50BE201748,C50,E201748,,,,,,,,,,,,,,,
,,,,,,,,WBSPM9C52BE201749,C52,E201749,,,,,,,,,,,,,,,
,,,,,,,,WBSPM9C59BE201750,C59,E201750,,,,,,,,,,,,,,,
,,,,,,,,WBSPM9C50BE201751,C50,E201751,,,,,,,,,,,,,,,
,,,,,,,,WBSPM9C52BE201752,C52,E201752,,,,,,,,,,,,,,,
,,,,,,,,WBSPM9C54BE201753,C54,E201753,,,,,,,,,,,,,,,
,,,,,,,,WBSPM9C56BE201754,C56,E201754,,,,,,,,,,,,,,,
,,,,,,,,WBSPM9C58BE201755,C58,E201755,,,,,,,,,,,,,,,
,,,,,,,,WBSPM9C5XBE201756,C5X,E201756,,,,,,,,,,,,,,,
,,,,,,,,WBSPM9C51BE201757,C51,E201757,,,,,,,,,,,,,,,
,,,,,,,,WBSPM9C53BE201758,C53,E201758,,,,,,,,,,,,,,,
,,,,,,,,WBSPM9C55BE201759,C55,E201759,,,,,,,,,,,,,,,
,,,,,,,,WBSPM9C51BE201760,C51,E201760,,,,,,,,,,,,,,,
,,,,,,,,WBSPM9C53BE201761,C53,E201761,,,,,,,,,,,,,,,
,,,,,,,,WBSPM9C55BE201762,C55,E201762,,,,,,,,,,,,,,,
,,,,,,,,WBSPM9C57BE201763,C57,E201763,,,,,,,,,,,,,,,
,,,,,,,,WBSPM9C59BE201764,C59,E201764,,,,,,,,,,,,,,,
,,,,,,,,WBSPM9C50BE201765,C50,E201765,,,,,,,,,,,,,,,
,,,,,,,,WBSPM9C52BE201766,C52,E201766,,,,,,,,,,,,,,,
,,,,,,,,WBSPM9C54BE201767,C54,E201767,,,,,,,,,,,,,,,
,,,,,,,,WBSPM9C56BE201768,C56,E201768,,,,,,,,,,,,,,,
,,,,,,,,WBSPM9C58BE201769,C58,E201769,,,,,,,,,,,,,,,
,,,,,,,,WBSPM9C54BE201770,C54,E201770,,,,,,,,,,,,,,,
,,,,,,,,WBSPM9C56BE201771,C56,E201771,,,,,,,,,,,,,,,
,,,,,,,,WBSPM9C58BE201772,C58,E201772,,,,,,,,,,,,,,,
,,,,,,,,WBSPM9C5XBE201773,C5X,E201773,,,,,,,,,,,,,,,
,,,,,,,,WBSPM9C51BE201774,C51,E201774,,,,,,,,,,,,,,,
,,,,,,,,WBSPM9C53BE201775,C53,E201775,,,,,,,,,,,,,,,
,,,,,,,,WBSPM9C55BE201776,C55,E201776,,,,,,,,,,,,,,,
,,,,,,,,WBSPM9C57BE201777,C57,E201777,,,,,,,,,,,,,,,
,,,,,,,,WBSPM9C59BE201778,C59,E201778,,,,,,,,,,,,,,,
,,,,,,,,WBSPM9C50BE201779,C50,E201779,,,,,,,,,,,,,,,
,,,,,,,,WBSPM9C57BE201780,C57,E201780,,,,,,,,,,,,,,,
,,,,,,,,WBSPM9C59BE201781,C59,E201781,,,,,,,,,,,,,,,
,,,,,,,,WBSPM9C50BE201782,C50,E201782,,,,,,,,,,,,,,,
,,,,,,,,WBSPM9C52BE201783,C52,E201783,,,,,,,,,,,,,,,
,,,,,,,,WBSPM9C54BE201784,C54,E201784,,,,,,,,,,,,,,,
,,,,,,,,WBSPM9C56BE201785,C56,E201785,,,,,,,,,,,,,,,
,,,,,,,,WBSPM9C58BE201786,C58,E201786,,,,,,,,,,,,,,,
,,,,,,,,WBSPM9C5XBE201787,C5X,E201787,,,,,,,,,,,,,,,
,,,,,,,,WBSPM9C51BE201788,C51,E201788,,,,,,,,,,,,,,,
,,,,,,,,WBSPM9C53BE201789,C53,E201789,,,,,,,,,,,,,,,
,,,,,,,,WBSPM9C5XBE201790,C5X,E201790,,,,,,,,,,,,,,,
,,,,,,,,WBSPM9C51BE201791,C51,E201791,,,,,,,,,,,,,,,
,,,,,,,,WBSPM9C53BE201792,C53,E201792,,,,,,,,,,,,,,,
,,,,,,,,WBSPM9C55BE201793,C55,E201793,,,,,,,,,,,,,,,
,,,,,,,,WBSPM9C57BE201794,C57,E201794,,,,,,,,,,,,,,,
,,,,,,,,WBSPM9C59BE201795,C59,E201795,,,,,,,,,,,,,,,
,,,,,,,,WBSPM9C50BE201796,C50,E201796,,,,,,,,,,,,,,,
,,,,,,,,WBSPM9C52BE201797,C52,E201797,,,,,,,,,,,,,,,
,,,,,,,,WBSPM9C54BE201798,C54,E201798,,,,,,,,,,,,,,,
,,,,,,,,WBSPM9C56BE201799,C56,E201799,,,,,,,,,,,,,,,
,,,,,,,,WBSPM9C59BE201800,C59,E201800,,,,,,,,,,,,,,,
,,,,,,,,WBSPM9C50BE201801,C50,E201801,,,,,,,,,,,,,,,
,,,,,,,,WBSPM9C52BE201802,C52,E201802,,,,,,,,,,,,,,,
,,,,,,,,WBSPM9C54BE201803,C54,E201803,,,,,,,,,,,,,,,
,,,,,,,,WBSPM9C56BE201804,C56,E201804,,,,,,,,,,,,,,,
,,,,,,,,WBSPM9C58BE201805,C58,E201805,,,,,,,,,,,,,,,
,,,,,,,,WBSPM9C5XBE201806,C5X,E201806,,,,,,,,,,,,,,,
,,,,,,,,WBSPM9C51BE201807,C51,E201807,,,,,,,,,,,,,,,
,,,,,,,,WBSPM9C53BE201808,C53,E201808,,,,,,,,,,,,,,,
,,,,,,,,WBSPM9C55BE201809,C55,E201809,,,,,,,,,,,,,,,
,,,,,,,,WBSPM9C51BE201810,C51,E201810,,,,,,,,,,,,,,,
,,,,,,,,WBSPM9C53BE201811,C53,E201811,,,,,,,,,,,,,,,
,,,,,,,,WBSPM9C55BE201812,C55,E201812,,,,,,,,,,,,,,,
,,,,,,,,WBSPM9C57BE201813,C57,E201813,,,,,,,,,,,,,,,
,,,,,,,,WBSPM9C59BE201814,C59,E201814,,,,,,,,,,,,,,,
,,,,,,,,WBSPM9C50BE201815,C50,E201815,,,,,,,,,,,,,,,
,,,,,,,,WBSPM9C52BE201816,C52,E201816,,,,,,,,,,,,,,,
,,,,,,,,WBSPM9C54BE201817,C54,E201817,,,,,,,,,,,,,,,
,,,,,,,,WBSPM9C56BE201818,C56,E201818,,,,,,,,,,,,,,,
,,,,,,,,WBSPM9C58BE201819,C58,E201819,,,,,,,,,,,,,,,
,,,,,,,,WBSPM9C54BE201820,C54,E201820,,,,,,,,,,,,,,,
,,,,,,,,WBSPM9C56BE201821,C56,E201821,,,,,,,,,,,,,,,
,,,,,,,,WBSPM9C58BE201822,C58,E201822,,,,,,,,,,,,,,,
,,,,,,,,WBSPM9C5XBE201823,C5X,E201823,,,,,,,,,,,,,,,
,,,,,,,,WBSPM9C51BE201824,C51,E201824,,,,,,,,,,,,,,,
,,,,,,,,WBSPM9C53BE201825,C53,E201825,,,,,,,,,,,,,,,
,,,,,,,,WBSPM9C55BE201826,C55,E201826,,,,,,,,,,,,,,,
,,,,,,,,WBSPM9C57BE201827,C57,E201827,,,,,,,,,,,,,,,
,,,,,,,,WBSPM9C59BE201828,C59,E201828,,,,,,,,,,,,,,,
,,,,,,,,WBSPM9C50BE201829,C50,E201829,,,,,,,,,,,,,,,
,,,,,,,,WBSPM9C57BE201830,C57,E201830,,,,,,,,,,,,,,,
,,,,,,,,WBSPM9C59BE201831,C59,E201831,,,,,,,,,,,,,,,
,,,,,,,,WBSPM9C50BE201832,C50,E201832,,,,,,,,,,,,,,,
,,,,,,,,WBSPM9C52BE201833,C52,E201833,,,,,,,,,,,,,,,
,,,,,,,,WBSPM9C54BE201834,C54,E201834,,,,,,,,,,,,,,,
,,,,,,,,WBSPM9C56BE201835,C56,E201835,,,,,,,,,,,,,,,
,,,,,,,,WBSPM9C58BE201836,C58,E201836,,,,,,,,,,,,,,,
,,,,,,,,WBSPM9C5XBE201837,C5X,E201837,,,,,,,,,,,,,,,
,,,,,,,,WBSPM9C51BE201838,C51,E201838,,,,,,,,,,,,,,,
,,,,,,,,WBSPM9C53BE201839,C53,E201839,,,,,,,,,,,,,,,
,,,,,,,,WBSPM9C5XBE201840,C5X,E201840,,,,,,,,,,,,,,,
,,,,,,,,WBSPM9C51BE201841,C51,E201841,,,,,,,,,,,,,,,
,,,,,,,,WBSPM9C53BE201842,C53,E201842,,,,,,,,,,,,,,,
,,,,,,,,WBSPM9C55BE201843,C55,E201843,,,,,,,,,,,,,,,
,,,,,,,,WBSPM9C57BE201844,C57,E201844,,,,,,,,,,,,,,,
,,,,,,,,WBSPM9C59BE201845,C59,E201845,,,,,,,,,,,,,,,
,,,,,,,,WBSPM9C50BE201846,C50,E201846,,,,,,,,,,,,,,,
,,,,,,,,WBSPM9C52BE201847,C52,E201847,,,,,,,,,,,,,,,
,,,,,,,,WBSPM9C54BE201848,C54,E201848,,,,,,,,,,,,,,,
,,,,,,,,WBSPM9C56BE201849,C56,E201849,,,,,,,,,,,,,,,
,,,,,,,,WBSPM9C52BE201850,C52,E201850,,,,,,,,,,,,,,,
,,,,,,,,WBSPM9C54BE201851,C54,E201851,,,,,,,,,,,,,,,
,,,,,,,,WBSPM9C56BE201852,C56,E201852,,,,,,,,,,,,,,,
,,,,,,,,WBSPM9C58BE201853,C58,E201853,,,,,,,,,,,,,,,
,,,,,,,,WBSPM9C5XBE201854,C5X,E201854,,,,,,,,,,,,,,,
,,,,,,,,WBSPM9C51BE201855,C51,E201855,,,,,,,,,,,,,,,
,,,,,,,,WBSPM9C53BE201856,C53,E201856,,,,,,,,,,,,,,,
,,,,,,,,WBSPM9C55BE201857,C55,E201857,,,,,,,,,,,,,,,
,,,,,,,,WBSPM9C57BE201858,C57,E201858,,,,,,,,,,,,,,,
,,,,,,,,WBSPM9C59BE201859,C59,E201859,,,,,,,,,,,,,,,
,,,,,,,,WBSPM9C55BE201860,C55,E201860,,,,,,,,,,,,,,,
,,,,,,,,WBSPM9C57BE201861,C57,E201861,,,,,,,,,,,,,,,
,,,,,,,,WBSPM9C59BE201862,C59,E201862,,,,,,,,,,,,,,,
,,,,,,,,WBSPM9C50BE201863,C50,E201863,,,,,,,,,,,,,,,
,,,,,,,,WBSPM9C52BE201864,C52,E201864,,,,,,,,,,,,,,,
,,,,,,,,WBSPM9C54BE201865,C54,E201865,,,,,,,,,,,,,,,
,,,,,,,,WBSPM9C56BE201866,C56,E201866,,,,,,,,,,,,,,,
,,,,,,,,WBSPM9C58BE201867,C58,E201867,,,,,,,,,,,,,,,
,,,,,,,,WBSPM9C5XBE201868,C5X,E201868,,,,,,,,,,,,,,,
,,,,,,,,WBSPM9C51BE201869,C51,E201869,,,,,,,,,,,,,,,
,,,,,,,,WBSPM9C58BE201870,C58,E201870,,,,,,,,,,,,,,,
,,,,,,,,WBSPM9C5XBE201871,C5X,E201871,,,,,,,,,,,,,,,
,,,,,,,,WBSPM9C51BE201872,C51,E201872,,,,,,,,,,,,,,,
,,,,,,,,WBSPM9C53BE201873,C53,E201873,,,,,,,,,,,,,,,
,,,,,,,,WBSPM9C55BE201874,C55,E201874,,,,,,,,,,,,,,,
,,,,,,,,WBSPM9C57BE201875,C57,E201875,,,,,,,,,,,,,,,
,,,,,,,,WBSPM9C59BE201876,C59,E201876,,,,,,,,,,,,,,,
,,,,,,,,WBSPM9C50BE201877,C50,E201877,,,,,,,,,,,,,,,
,,,,,,,,WBSPM9C52BE201878,C52,E201878,,,,,,,,,,,,,,,
,,,,,,,,WBSPM9C54BE201879,C54,E201879,,,,,,,,,,,,,,,
,,,,,,,,WBSPM9C50BE201880,C50,E201880,,,,,,,,,,,,,,,
,,,,,,,,WBSPM9C52BE201881,C52,E201881,,,,,,,,,,,,,,,
,,,,,,,,WBSPM9C54BE201882,C54,E201882,,,,,,,,,,,,,,,
,,,,,,,,WBSPM9C56BE201883,C56,E201883,,,,,,,,,,,,,,,
,,,,,,,,WBSPM9C58BE201884,C58,E201884,,,,,,,,,,,,,,,
,,,,,,,,WBSPM9C5XBE201885,C5X,E201885,,,,,,,,,,,,,,,
,,,,,,,,WBSPM9C51BE201886,C51,E201886,,,,,,,,,,,,,,,
,,,,,,,,WBSPM9C53BE201887,C53,E201887,,,,,,,,,,,,,,,
,,,,,,,,WBSPM9C55BE201888,C55,E201888,,,,,,,,,,,,,,,
,,,,,,,,WBSPM9C57BE201889,C57,E201889,,,,,,,,,,,,,,,
,,,,,,,,WBSPM9C53BE201890,C53,E201890,,,,,,,,,,,,,,,
,,,,,,,,WBSPM9C55BE201891,C55,E201891,,,,,,,,,,,,,,,
,,,,,,,,WBSPM9C57BE201892,C57,E201892,,,,,,,,,,,,,,,
,,,,,,,,WBSPM9C59BE201893,C59,E201893,,,,,,,,,,,,,,,
,,,,,,,,WBSPM9C50BE201894,C50,E201894,,,,,,,,,,,,,,,
,,,,,,,,WBSPM9C52BE201895,C52,E201895,,,,,,,,,,,,,,,
,,,,,,,,WBSPM9C54BE201896,C54,E201896,,,,,,,,,,,,,,,
,,,,,,,,WBSPM9C56BE201897,C56,E201897,,,,,,,,,,,,,,,
,,,,,,,,WBSPM9C58BE201898,C58,E201898,,,,,,,,,,,,,,,
,,,,,,,,WBSPM9C5XBE201899,C5X,E201899,,,,,,,,,,,,,,,
,,,,,,,,WBSPM9C52BE201900,C52,E201900,,,,,,,,,,,,,,,
,,,,,,,,WBSPM9C54BE201901,C54,E201901,,,,,,,,,,,,,,,
,,,,,,,,WBSPM9C56BE201902,C56,E201902,,,,,,,,,,,,,,,
,,,,,,,,WBSPM9C58BE201903,C58,E201903,,,,,,,,,,,,,,,
,,,,,,,,WBSPM9C5XBE201904,C5X,E201904,,,,,,,,,,,,,,,
,,,,,,,,WBSPM9C51BE201905,C51,E201905,,,,,,,,,,,,,,,
,,,,,,,,WBSPM9C53BE201906,C53,E201906,,,,,,,,,,,,,,,
,,,,,,,,WBSPM9C55BE201907,C55,E201907,,,,,,,,,,,,,,,
,,,,,,,,WBSPM9C57BE201908,C57,E201908,,,,,,,,,,,,,,,
,,,,,,,,WBSPM9C59BE201909,C59,E201909,,,,,,,,,,,,,,,
,,,,,,,,WBSPM9C55BE201910,C55,E201910,,,,,,,,,,,,,,,
,,,,,,,,WBSPM9C57BE201911,C57,E201911,,,,,,,,,,,,,,,
,,,,,,,,WBSPM9C59BE201912,C59,E201912,,,,,,,,,,,,,,,
,,,,,,,,WBSPM9C50BE201913,C50,E201913,,,,,,,,,,,,,,,
,,,,,,,,WBSPM9C52BE201914,C52,E201914,,,,,,,,,,,,,,,
,,,,,,,,WBSPM9C54BE201915,C54,E201915,,,,,,,,,,,,,,,
,,,,,,,,WBSPM9C56BE201916,C56,E201916,,,,,,,,,,,,,,,
,,,,,,,,WBSPM9C58BE201917,C58,E201917,,,,,,,,,,,,,,,
,,,,,,,,WBSPM9C5XBE201918,C5X,E201918,,,,,,,,,,,,,,,
,,,,,,,,WBSPM9C51BE201919,C51,E201919,,,,,,,,,,,,,,,
,,,,,,,,WBSPM9C58BE201920,C58,E201920,,,,,,,,,,,,,,,
,,,,,,,,WBSPM9C5XBE201921,C5X,E201921,,,,,,,,,,,,,,,
,,,,,,,,WBSPM9C51BE201922,C51,E201922,,,,,,,,,,,,,,,
,,,,,,,,WBSPM9C53BE201923,C53,E201923,,,,,,,,,,,,,,,
,,,,,,,,WBSPM9C55BE201924,C55,E201924,,,,,,,,,,,,,,,
,,,,,,,,WBSPM9C57BE201925,C57,E201925,,,,,,,,,,,,,,,
,,,,,,,,WBSPM9C59BE201926,C59,E201926,,,,,,,,,,,,,,,
,,,,,,,,WBSPM9C50BE201927,C50,E201927,,,,,,,,,,,,,,,
,,,,,,,,WBSPM9C52BE201928,C52,E201928,,,,,,,,,,,,,,,
,,,,,,,,WBSPM9C54BE201929,C54,E201929,,,,,,,,,,,,,,,
,,,,,,,,WBSPM9C50BE201930,C50,E201930,,,,,,,,,,,,,,,
,,,,,,,,WBSPM9C52BE201931,C52,E201931,,,,,,,,,,,,,,,
,,,,,,,,WBSPM9C54BE201932,C54,E201932,,,,,,,,,,,,,,,
,,,,,,,,WBSPM9C56BE201933,C56,E201933,,,,,,,,,,,,,,,
,,,,,,,,WBSPM9C58BE201934,C58,E201934,,,,,,,,,,,,,,,
,,,,,,,,WBSPM9C5XBE201935,C5X,E201935,,,,,,,,,,,,,,,
,,,,,,,,WBSPM9C51BE201936,C51,E201936,,,,,,,,,,,,,,,
,,,,,,,,WBSPM9C53BE201937,C53,E201937,,,,,,,,,,,,,,,
,,,,,,,,WBSPM9C55BE201938,C55,E201938,,,,,,,,,,,,,,,
,,,,,,,,WBSPM9C57BE201939,C57,E201939,,,,,,,,,,,,,,,
,,,,,,,,WBSPM9C53BE201940,C53,E201940,,,,,,,,,,,,,,,
,,,,,,,,WBSPM9C55BE201941,C55,E201941,,,,,,,,,,,,,,,
,,,,,,,,WBSPM9C57BE201942,C57,E201942,,,,,,,,,,,,,,,
,,,,,,,,WBSPM9C59BE201943,C59,E201943,,,,,,,,,,,,,,,
,,,,,,,,WBSPM9C50BE201944,C50,E201944,,,,,,,,,,,,,,,
,,,,,,,,WBSPM9C52BE201945,C52,E201945,,,,,,,,,,,,,,,
,,,,,,,,WBSPM9C54BE201946,C54,E201946,,,,,,,,,,,,,,,
,,,,,,,,WBSPM9C56BE201947,C56,E201947,,,,,,,,,,,,,,,
,,,,,,,,WBSPM9C58BE201948,C58,E201948,,,,,,,,,,,,,,,
,,,,,,,,WBSPM9C5XBE201949,C5X,E201949,,,,,,,,,,,,,,,
,,,,,,,,WBSPM9C56BE201950,C56,E201950,,,,,,,,,,,,,,,
,,,,,,,,WBSPM9C58BE201951,C58,E201951,,,,,,,,,,,,,,,
,,,,,,,,WBSPM9C5XBE201952,C5X,E201952,,,,,,,,,,,,,,,
,,,,,,,,WBSPM9C51BE201953,C51,E201953,,,,,,,,,,,,,,,
,,,,,,,,WBSPM9C53BE201954,C53,E201954,,,,,,,,,,,,,,,
,,,,,,,,WBSPM9C55BE201955,C55,E201955,,,,,,,,,,,,,,,
,,,,,,,,WBSPM9C57BE201956,C57,E201956,,,,,,,,,,,,,,,
,,,,,,,,WBSPM9C59BE201957,C59,E201957,,,,,,,,,,,,,,,
,,,,,,,,WBSPM9C50BE201958,C50,E201958,,,,,,,,,,,,,,,
,,,,,,,,WBSPM9C52BE201959,C52,E201959,,,,,,,,,,,,,,,
,,,,,,,,WBSPM9C59BE201960,C59,E201960,,,,,,,,,,,,,,,
,,,,,,,,WBSPM9C50BE201961,C50,E201961,,,,,,,,,,,,,,,
,,,,,,,,WBSPM9C52BE201962,C52,E201962,,,,,,,,,,,,,,,
,,,,,,,,WBSPM9C54BE201963,C54,E201963,,,,,,,,,,,,,,,
,,,,,,,,WBSPM9C56BE201964,C56,E201964,,,,,,,,,,,,,,,
,,,,,,,,WBSPM9C58BE201965,C58,E201965,,,,,,,,,,,,,,,
,,,,,,,,WBSPM9C5XBE201966,C5X,E201966,,,,,,,,,,,,,,,
,,,,,,,,WBSPM9C51BE201967,C51,E201967,,,,,,,,,,,,,,,
,,,,,,,,WBSPM9C53BE201968,C53,E201968,,,,,,,,,,,,,,,
,,,,,,,,WBSPM9C55BE201969,C55,E201969,,,,,,,,,,,,,,,
,,,,,,,,WBSPM9C51BE201970,C51,E201970,,,,,,,,,,,,,,,
,,,,,,,,WBSPM9C53BE201971,C53,E201971,,,,,,,,,,,,,,,
,,,,,,,,WBSPM9C55BE201972,C55,E201972,,,,,,,,,,,,,,,
,,,,,,,,WBSPM9C57BE201973,C57,E201973,,,,,,,,,,,,,,,
,,,,,,,,WBSPM9C59BE201974,C59,E201974,,,,,,,,,,,,,,,
,,,,,,,,WBSPM9C50BE201975,C50,E201975,,,,,,,,,,,,,,,
,,,,,,,,WBSPM9C52BE201976,C52,E201976,,,,,,,,,,,,,,,
,,,,,,,,WBSPM9C54BE201977,C54,E201977,,,,,,,,,,,,,,,
,,,,,,,,WBSPM9C56BE201978,C56,E201978,,,,,,,,,,,,,,,
,,,,,,,,WBSPM9C58BE201979,C58,E201979,,,,,,,,,,,,,,,
,,,,,,,,WBSPM9C54BE201980,C54,E201980,,,,,,,,,,,,,,,
,,,,,,,,WBSPM9C56BE201981,C56,E201981,,,,,,,,,,,,,,,
,,,,,,,,WBSPM9C58BE201982,C58,E201982,,,,,,,,,,,,,,,
,,,,,,,,WBSPM9C5XBE201983,C5X,E201983,,,,,,,,,,,,,,,
,,,,,,,,WBSPM9C51BE201984,C51,E201984,,,,,,,,,,,,,,,
,,,,,,,,WBSPM9C53BE201985,C53,E201985,,,,,,,,,,,,,,,
,,,,,,,,WBSPM9C55BE201986,C55,E201986,,,,,,,,,,,,,,,
,,,,,,,,WBSPM9C57BE201987,C57,E201987,,,,,,,,,,,,,,,
,,,,,,,,WBSPM9C59BE201988,C59,E201988,,,,,,,,,,,,,,,
,,,,,,,,WBSPM9C50BE201989,C50,E201989,,,,,,,,,,,,,,,
,,,,,,,,WBSPM9C57BE201990,C57,E201990,,,,,,,,,,,,,,,
,,,,,,,,WBSPM9C59BE201991,C59,E201991,,,,,,,,,,,,,,,
,,,,,,,,WBSPM9C50BE201992,C50,E201992,,,,,,,,,,,,,,,
,,,,,,,,WBSPM9C52BE201993,C52,E201993,,,,,,,,,,,,,,,
,,,,,,,,WBSPM9C54BE201994,C54,E201994,,,,,,,,,,,,,,,
,,,,,,,,WBSPM9C56BE201995,C56,E201995,,,,,,,,,,,,,,,
,,,,,,,,WBSPM9C58BE201996,C58,E201996,,,,,,,,,,,,,,,
,,,,,,,,WBSPM9C5XBE201997,C5X,E201997,,,,,,,,,,,,,,,
,,,,,,,,WBSPM9C51BE201998,C51,E201998,,,,,,,,,,,,,,,
,,,,,,,,WBSPM9C53BE201999,C53,E201999,,,,,,,,,,,,,,,
,,,,,,,,WBSPM9C54BE202000,C54,E202000,,,,,,,,,,,,,,,
,,,,,,,,WBSPM9C56BE202001,C56,E202001,,,,,,,,,,,,,,,
,,,,,,,,WBSPM9C58BE202002,C58,E202002,,,,,,,,,,,,,,,
,,,,,,,,WBSPM9C5XBE202003,C5X,E202003,,,,,,,,,,,,,,,
,,,,,,,,WBSPM9C51BE202004,C51,E202004,,,,,,,,,,,,,,,
,,,,,,,,WBSPM9C53BE202005,C53,E202005,,,,,,,,,,,,,,,
,,,,,,,,WBSPM9C55BE202006,C55,E202006,,,,,,,,,,,,,,,
,,,,,,,,WBSPM9C57BE202007,C57,E202007,,,,,,,,,,,,,,,
,,,,,,,,WBSPM9C59BE202008,C59,E202008,,,,,,,,,,,,,,,
,,,,,,,,WBSPM9C50BE202009,C50,E202009,,,,,,,,,,,,,,,
,,,,,,,,WBSPM9C57BE202010,C57,E202010,,,,,,,,,,,,,,,
,,,,,,,,WBSPM9C59BE202011,C59,E202011,,,,,,,,,,,,,,,
,,,,,,,,WBSPM9C50BE202012,C50,E202012,,,,,,,,,,,,,,,
,,,,,,,,WBSPM9C52BE202013,C52,E202013,,,,,,,,,,,,,,,
,,,,,,,,WBSPM9C54BE202014,C54,E202014,,,,,,,,,,,,,,,
,,,,,,,,WBSPM9C56BE202015,C56,E202015,,,,,,,,,,,,,,,
,,,,,,,,WBSPM9C58BE202016,C58,E202016,,,,,,,,,,,,,,,
,,,,,,,,WBSPM9C5XBE202017,C5X,E202017,,,,,,,,,,,,,,,
,,,,,,,,WBSPM9C51BE202018,C51,E202018,,,,,,,,,,,,,,,
,,,,,,,,WBSPM9C53BE202019,C53,E202019,,,,,,,,,,,,,,,
,,,,,,,,WBSPM9C5XBE202020,C5X,E202020,,,,,,,,,,,,,,,
,,,,,,,,WBSPM9C51BE202021,C51,E202021,,,,,,,,,,,,,,,
,,,,,,,,WBSPM9C53BE202022,C53,E202022,,,,,,,,,,,,,,,
,,,,,,,,WBSPM9C55BE202023,C55,E202023,,,,,,,,,,,,,,,
,,,,,,,,WBSPM9C57BE202024,C57,E202024,,,,,,,,,,,,,,,
,,,,,,,,WBSPM9C59BE202025,C59,E202025,,,,,,,,,,,,,,,
,,,,,,,,WBSPM9C50BE202026,C50,E202026,,,,,,,,,,,,,,,
,,,,,,,,WBSPM9C52BE202027,C52,E202027,,,,,,,,,,,,,,,
,,,,,,,,WBSPM9C54BE202028,C54,E202028,,,,,,,,,,,,,,,
,,,,,,,,WBSPM9C56BE202029,C56,E202029,,,,,,,,,,,,,,,
,,,,,,,,WBSPM9C52BE202030,C52,E202030,,,,,,,,,,,,,,,
,,,,,,,,WBSPM9C54BE202031,C54,E202031,,,,,,,,,,,,,,,
,,,,,,,,WBSPM9C56BE202032,C56,E202032,,,,,,,,,,,,,,,
,,,,,,,,WBSPM9C58BE202033,C58,E202033,,,,,,,,,,,,,,,
,,,,,,,,WBSPM9C5XBE202034,C5X,E202034,,,,,,,,,,,,,,,
,,,,,,,,WBSPM9C51BE202035,C51,E202035,,,,,,,,,,,,,,,
,,,,,,,,WBSPM9C53BE202036,C53,E202036,,,,,,,,,,,,,,,
,,,,,,,,WBSPM9C55BE202037,C55,E202037,,,,,,,,,,,,,,,
,,,,,,,,WBSPM9C57BE202038,C57,E202038,,,,,,,,,,,,,,,
,,,,,,,,WBSPM9C59BE202039,C59,E202039,,,,,,,,,,,,,,,
,,,,,,,,WBSPM9C55BE202040,C55,E202040,,,,,,,,,,,,,,,
,,,,,,,,WBSPM9C57BE202041,C57,E202041,,,,,,,,,,,,,,,
,,,,,,,,WBSPM9C59BE202042,C59,E202042,,,,,,,,,,,,,,,
,,,,,,,,WBSPM9C50BE202043,C50,E202043,,,,,,,,,,,,,,,
,,,,,,,,WBSPM9C52BE202044,C52,E202044,,,,,,,,,,,,,,,
,,,,,,,,WBSPM9C54BE202045,C54,E202045,,,,,,,,,,,,,,,
,,,,,,,,WBSPM9C56BE202046,C56,E202046,,,,,,,,,,,,,,,
,,,,,,,,WBSPM9C58BE202047,C58,E202047,,,,,,,,,,,,,,,
,,,,,,,,WBSPM9C5XBE202048,C5X,E202048,,,,,,,,,,,,,,,
,,,,,,,,WBSPM9C51BE202049,C51,E202049,,,,,,,,,,,,,,,
,,,,,,,,WBSPM9C58BE202050,C58,E202050,,,,,,,,,,,,,,,
,,,,,,,,WBSPM9C5XBE202051,C5X,E202051,,,,,,,,,,,,,,,
,,,,,,,,WBSPM9C51BE202052,C51,E202052,,,,,,,,,,,,,,,
,,,,,,,,WBSPM9C53BE202053,C53,E202053,,,,,,,,,,,,,,,
,,,,,,,,WBSPM9C55BE202054,C55,E202054,,,,,,,,,,,,,,,
,,,,,,,,WBSPM9C57BE202055,C57,E202055,,,,,,,,,,,,,,,
,,,,,,,,WBSPM9C59BE202056,C59,E202056,,,,,,,,,,,,,,,
,,,,,,,,WBSPM9C50BE202057,C50,E202057,,,,,,,,,,,,,,,
,,,,,,,,WBSPM9C52BE202058,C52,E202058,,,,,,,,,,,,,,,
,,,,,,,,WBSPM9C54BE202059,C54,E202059,,,,,,,,,,,,,,,
,,,,,,,,WBSPM9C50BE202060,C50,E202060,,,,,,,,,,,,,,,
,,,,,,,,WBSPM9C52BE202061,C52,E202061,,,,,,,,,,,,,,,
,,,,,,,,WBSPM9C54BE202062,C54,E202062,,,,,,,,,,,,,,,
,,,,,,,,WBSPM9C56BE202063,C56,E202063,,,,,,,,,,,,,,,
,,,,,,,,WBSPM9C58BE202064,C58,E202064,,,,,,,,,,,,,,,
,,,,,,,,WBSPM9C5XBE202065,C5X,E202065,,,,,,,,,,,,,,,
,,,,,,,,WBSPM9C51BE202066,C51,E202066,,,,,,,,,,,,,,,
,,,,,,,,WBSPM9C53BE202067,C53,E202067,,,,,,,,,,,,,,,
,,,,,,,,WBSPM9C55BE202068,C55,E202068,,,,,,,,,,,,,,,
,,,,,,,,WBSPM9C57BE202069,C57,E202069,,,,,,,,,,,,,,,
,,,,,,,,WBSPM9C53BE202070,C53,E202070,,,,,,,,,,,,,,,
,,,,,,,,WBSPM9C55BE202071,C55,E202071,,,,,,,,,,,,,,,
,,,,,,,,WBSPM9C57BE202072,C57,E202072,,,,,,,,,,,,,,,
,,,,,,,,WBSPM9C59BE202073,C59,E202073,,,,,,,,,,,,,,,
,,,,,,,,WBSPM9C50BE202074,C50,E202074,,,,,,,,,,,,,,,
,,,,,,,,WBSPM9C52BE202075,C52,E202075,,,,,,,,,,,,,,,
,,,,,,,,WBSPM9C54BE202076,C54,E202076,,,,,,,,,,,,,,,
,,,,,,,,WBSPM9C56BE202077,C56,E202077,,,,,,,,,,,,,,,
,,,,,,,,WBSPM9C58BE202078,C58,E202078,,,,,,,,,,,,,,,
,,,,,,,,WBSPM9C5XBE202079,C5X,E202079,,,,,,,,,,,,,,,
,,,,,,,,WBSPM9C56BE202080,C56,E202080,,,,,,,,,,,,,,,
,,,,,,,,WBSPM9C58BE202081,C58,E202081,,,,,,,,,,,,,,,
,,,,,,,,WBSPM9C5XBE202082,C5X,E202082,,,,,,,,,,,,,,,
,,,,,,,,WBSPM9C51BE202083,C51,E202083,,,,,,,,,,,,,,,
,,,,,,,,WBSPM9C53BE202084,C53,E202084,,,,,,,,,,,,,,,
,,,,,,,,WBSPM9C55BE202085,C55,E202085,,,,,,,,,,,,,,,
,,,,,,,,WBSPM9C57BE202086,C57,E202086,,,,,,,,,,,,,,,
,,,,,,,,WBSPM9C59BE202087,C59,E202087,,,,,,,,,,,,,,,
,,,,,,,,WBSPM9C50BE202088,C50,E202088,,,,,,,,,,,,,,,
,,,,,,,2010,WBSPM9C52BE202089,C52,E202089,,,,,,,,,,,,,,,
,,,,,,,2010,WBSPM9C59BE202090,C59,E202090,,,,,,,,,,,,,,,
,,,,,,,2010,WBSPM9C50BE202091,C50,E202091,,,,,,,,,,,,,,,
,,,,,,,2010,WBSPM9C52BE202092,C52,E202092,,,,,,,,,,,,,,,
,,,,,,,2010,WBSPM9C54BE202093,C54,E202093,,,,,,,,,,,,,,,
,,,,,,,2010,WBSPM9C56BE202094,C56,E202094,,,,,,,,,,,,,,,
,,,,,,,2010,WBSPM9C58BE202095,C58,E202095,,,,,,,,,,,,,,,
,,,,,,,2010,WBSPM9C5XBE202096,C5X,E202096,,,,,,,,,,,,,,,
,,,,,,,2010,WBSPM9C51BE202097,C51,E202097,,,,,,,,,,,,,,,
,,,,,,,2010,WBSPM9C53BE202098,C53,E202098,,,,,,,,,,,,,,,
,,,,,,,2010,WBSPM9C55BE202099,C55,E202099,,,,,,,,,,,,,,,
,,,,,,,2010,WBSPM9C58BE202100,C58,E202100,,,,,,,,,,,,,,,
,,,,,,,2010,WBSPM9C5XBE202101,C5X,E202101,,,,,,,,,,,,,,,
,,,,,,,2010,WBSPM9C51BE202102,C51,E202102,,,,,,,,,,,,,,,
,,,,,,,2010,WBSPM9C53BE202103,C53,E202103,,,,,,,,,,,,,,,
,,,,,,,2010,WBSPM9C55BE202104,C55,E202104,,,,,,,,,,,,,,,
,,,,,,,2010,WBSPM9C57BE202105,C57,E202105,,,,,,,,,,,,,,,
,,,,,,,2010,WBSPM9C59BE202106,C59,E202106,,,,,,,,,,,,,,,
,,,,,,,2010,WBSPM9C50BE202107,C50,E202107,,,,,,,,,,,,,,,
,,,,,,,2010,WBSPM9C52BE202108,C52,E202108,,,,,,,,,,,,,,,
,,,,,,,2010,WBSPM9C54BE202109,C54,E202109,,,,,,,,,,,,,,,
,,,,,,,2010,WBSPM9C50BE202110,C50,E202110,,,,,,,,,,,,,,,
,,,,,,,2010,WBSPM9C52BE202111,C52,E202111,,,,,,,,,,,,,,,
,,,,,,,2010,WBSPM9C54BE202112,C54,E202112,,,,,,,,,,,,,,,
,,,,,,,2010,WBSPM9C56BE202113,C56,E202113,,,,,,,,,,,,,,,
,,,,,,,2010,WBSPM9C58BE202114,C58,E202114,,,,,,,,,,,,,,,
,,,,,,,2010,WBSPM9C5XBE202115,C5X,E202115,,,,,,,,,,,,,,,
,,,,,,,2010,WBSPM9C51BE202116,C51,E202116,,,,,,,,,,,,,,,
,,,,,,,2010,WBSPM9C53BE202117,C53,E202117,,,,,,,,,,,,,,,
,,,,,,,2010,WBSPM9C55BE202118,C55,E202118,,,,,,,,,,,,,,,
,,,,,,,2010,WBSPM9C57BE202119,C57,E202119,,,,,,,,,,,,,,,
,,,,,,,2010,WBSPM9C53BE202120,C53,E202120,,,,,,,,,,,,,,,
,,,,,,,2010,WBSPM9C55BE202121,C55,E202121,,,,,,,,,,,,,,,
,,,,,,,2010,WBSPM9C57BE202122,C57,E202122,,,,,,,,,,,,,,,
,,,,,,,2010,WBSPM9C59BE202123,C59,E202123,,,,,,,,,,,,,,,
,,,,,,,2010,WBSPM9C50BE202124,C50,E202124,,,,,,,,,,,,,,,
,,,,,,,2010,WBSPM9C52BE202125,C52,E202125,,,,,,,,,,,,,,,
,,,,,,,2010,WBSPM9C54BE202126,C54,E202126,,,,,,,,,,,,,,,
,,,,,,,2010,WBSPM9C56BE202127,C56,E202127,,,,,,,,,,,,,,,
,,,,,,,2010,WBSPM9C58BE202128,C58,E202128,,,,,,,,,,,,,,,
,,,,,,,2010,WBSPM9C5XBE202129,C5X,E202129,,,,,,,,,,,,,,,
,,,,,,,2010,WBSPM9C56BE202130,C56,E202130,,,,,,,,,,,,,,,
,,,,,,,2010,WBSPM9C58BE202131,C58,E202131,,,,,,,,,,,,,,,
,,,,,,,2010,WBSPM9C5XBE202132,C5X,E202132,,,,,,,,,,,,,,,
,,,,,,,2010,WBSPM9C51BE202133,C51,E202133,,,,,,,,,,,,,,,
,,,,,,,2010,WBSPM9C53BE202134,C53,E202134,,,,,,,,,,,,,,,
,,,,,,,2010,WBSPM9C55BE202135,C55,E202135,,,,,,,,,,,,,,,
,,,,,,,2010,WBSPM9C57BE202136,C57,E202136,,,,,,,,,,,,,,,
,,,,,,,2010,WBSPM9C59BE202137,C59,E202137,,,,,,,,,,,,,,,
,,,,,,,2010,WBSPM9C50BE202138,C50,E202138,,,,,,,,,,,,,,,
,,,,,,,2010,WBSPM9C52BE202139,C52,E202139,,,,,,,,,,,,,,,
,,,,,,,2010,WBSPM9C59BE202140,C59,E202140,,,,,,,,,,,,,,,
,,,,,,,2010,WBSPM9C50BE202141,C50,E202141,,,,,,,,,,,,,,,
,,,,,,,2010,WBSPM9C52BE202142,C52,E202142,,,,,,,,,,,,,,,
,,,,,,,2010,WBSPM9C54BE202143,C54,E202143,,,,,,,,,,,,,,,
,,,,,,,2010,WBSPM9C56BE202144,C56,E202144,,,,,,,,,,,,,,,
,,,,,,,2010,WBSPM9C58BE202145,C58,E202145,,,,,,,,,,,,,,,
,,,,,,,2010,WBSPM9C5XBE202146,C5X,E202146,,,,,,,,,,,,,,,
,,,,,,,2010,WBSPM9C51BE202147,C51,E202147,,,,,,,,,,,,,,,
,,,,,,,2010,WBSPM9C53BE202148,C53,E202148,,,,,,,,,,,,,,,
,,,,,,,2010,WBSPM9C55BE202149,C55,E202149,,,,,,,,,,,,,,,
,,,,,,,2010,WBSPM9C51BE202150,C51,E202150,,,,,,,,,,,,,,,
,,,,,,,2010,WBSPM9C53BE202151,C53,E202151,,,,,,,,,,,,,,,
,,,,,,,2010,WBSPM9C55BE202152,C55,E202152,,,,,,,,,,,,,,,
,,,,,,,2010,WBSPM9C57BE202153,C57,E202153,,,,,,,,,,,,,,,
,,,,,,,2010,WBSPM9C59BE202154,C59,E202154,,,,,,,,,,,,,,,
,,,,,,,2010,WBSPM9C50BE202155,C50,E202155,,,,,,,,,,,,,,,
,,,,,,,2010,WBSPM9C52BE202156,C52,E202156,,,,,,,,,,,,,,,
,,,,,,,2010,WBSPM9C54BE202157,C54,E202157,,,,,,,,,,,,,,,
,,,,,,,2010,WBSPM9C56BE202158,C56,E202158,,,,,,,,,,,,,,,
,,,,,,,2010,WBSPM9C58BE202159,C58,E202159,,,,,,,,,,,,,,,
,,,,,,,2010,WBSPM9C54BE202160,C54,E202160,,,,,,,,,,,,,,,
,,,,,,,2010,WBSPM9C56BE202161,C56,E202161,,,,,,,,,,,,,,,
,,,,,,,2010,WBSPM9C58BE202162,C58,E202162,,,,,,,,,,,,,,,
,,,,,,,2010,WBSPM9C5XBE202163,C5X,E202163,,,,,,,,,,,,,,,
,,,,,,,2010,WBSPM9C51BE202164,C51,E202164,,,,,,,,,,,,,,,
,,,,,,,2010,WBSPM9C53BE202165,C53,E202165,,,,,,,,,,,,,,,
,,,,,,,2010,WBSPM9C55BE202166,C55,E202166,,,,,,,,,,,,,,,
,,,,,,,2010,WBSPM9C57BE202167,C57,E202167,,,,,,,,,,,,,,,
,,,,,,,2010,WBSPM9C59BE202168,C59,E202168,,,,,,,,,,,,,,,
,,,,,,,2010,WBSPM9C50BE202169,C50,E202169,,,,,,,,,,,,,,,
,,,,,,,2010,WBSPM9C57BE202170,C57,E202170,,,,,,,,,,,,,,,
,,,,,,,2010,WBSPM9C59BE202171,C59,E202171,,,,,,,,,,,,,,,
,,,,,,,2010,WBSPM9C50BE202172,C50,E202172,,,,,,,,,,,,,,,
,,,,,,,2010,WBSPM9C52BE202173,C52,E202173,,,,,,,,,,,,,,,
,,,,,,,2010,WBSPM9C54BE202174,C54,E202174,,,,,,,,,,,,,,,
,,,,,,,2010,WBSPM9C56BE202175,C56,E202175,,,,,,,,,,,,,,,
,,,,,,,2010,WBSPM9C58BE202176,C58,E202176,,,,,,,,,,,,,,,
,,,,,,,2010,WBSPM9C5XBE202177,C5X,E202177,,,,,,,,,,,,,,,
,,,,,,,2010,WBSPM9C51BE202178,C51,E202178,,,,,,,,,,,,,,,
,,,,,,,2010,WBSPM9C53BE202179,C53,E202179,,,,,,,,,,,,,,,
,,,,,,,2010,WBSPM9C5XBE202180,C5X,E202180,,,,,,,,,,,,,,,
,,,,,,,2010,WBSPM9C51BE202181,C51,E202181,,,,,,,,,,,,,,,
,,,,,,,2010,WBSPM9C53BE202182,C53,E202182,,,,,,,,,,,,,,,
,,,,,,,2010,WBSPM9C55BE202183,C55,E202183,,,,,,,,,,,,,,,
,,,,,,,2010,WBSPM9C57BE202184,C57,E202184,,,,,,,,,,,,,,,
,,,,,,,2010,WBSPM9C59BE202185,C59,E202185,,,,,,,,,,,,,,,
,,,,,,,2010,WBSPM9C50BE202186,C50,E202186,,,,,,,,,,,,,,,
,,,,,,,2010,WBSPM9C52BE202187,C52,E202187,,,,,,,,,,,,,,,
,,,,,,,2010,WBSPM9C54BE202188,C54,E202188,,,,,,,,,,,,,,,
,,,,,,,2010,WBSPM9C56BE202189,C56,E202189,,,,,,,,,,,,,,,
,,,,,,,2010,WBSPM9C52BE202190,C52,E202190,,,,,,,,,,,,,,,
,,,,,,,2010,WBSPM9C54BE202191,C54,E202191,,,,,,,,,,,,,,,
,,,,,,,2010,WBSPM9C56BE202192,C56,E202192,,,,,,,,,,,,,,,
,,,,,,,2010,WBSPM9C58BE202193,C58,E202193,,,,,,,,,,,,,,,
,,,,,,,2010,WBSPM9C5XBE202194,C5X,E202194,,,,,,,,,,,,,,,
,,,,,,,2010,WBSPM9C51BE202195,C51,E202195,,,,,,,,,,,,,,,
,,,,,,,2010,WBSPM9C53BE202196,C53,E202196,,,,,,,,,,,,,,,
,,,,,,,2010,WBSPM9C55BE202197,C55,E202197,,,,,,,,,,,,,,,
,,,,,,,2010,WBSPM9C57BE202198,C57,E202198,,,,,,,,,,,,,,,
,,,,,,,2010,WBSPM9C59BE202199,C59,E202199,,,,,,,,,,,,,,,
,,,,,,,2010,WBSPM9C51BE202200,C51,E202200,,,,,,,,,,,,,,,
,,,,,,,2010,WBSPM9C53BE202201,C53,E202201,,,,,,,,,,,,,,,
,,,,,,,2010,WBSPM9C55BE202202,C55,E202202,,,,,,,,,,,,,,,
,,,,,,,2010,WBSPM9C57BE202203,C57,E202203,,,,,,,,,,,,,,,
,,,,,,,2010,WBSPM9C59BE202204,C59,E202204,,,,,,,,,,,,,,,
,,,,,,,2010,WBSPM9C50BE202205,C50,E202205,,,,,,,,,,,,,,,
,,,,,,,2010,WBSPM9C52BE202206,C52,E202206,,,,,,,,,,,,,,,
,,,,,,,2010,WBSPM9C54BE202207,C54,E202207,,,,,,,,,,,,,,,
,,,,,,,2010,WBSPM9C56BE202208,C56,E202208,,,,,,,,,,,,,,,
,,,,,,,2010,WBSPM9C58BE202209,C58,E202209,,,,,,,,,,,,,,,
,,,,,,,2010,WBSPM9C54BE202210,C54,E202210,,,,,,,,,,,,,,,
,,,,,,,2010,WBSPM9C56BE202211,C56,E202211,,,,,,,,,,,,,,,
,,,,,,,2010,WBSPM9C58BE202212,C58,E202212,,,,,,,,,,,,,,,
,,,,,,,2010,WBSPM9C5XBE202213,C5X,E202213,,,,,,,,,,,,,,,
,,,,,,,2010,WBSPM9C51BE202214,C51,E202214,,,,,,,,,,,,,,,
,,,,,,,2010,WBSPM9C53BE202215,C53,E202215,,,,,,,,,,,,,,,
,,,,,,,2010,WBSPM9C55BE202216,C55,E202216,,,,,,,,,,,,,,,
,,,,,,,2010,WBSPM9C57BE202217,C57,E202217,,,,,,,,,,,,,,,
,,,,,,,2010,WBSPM9C59BE202218,C59,E202218,,,,,,,,,,,,,,,
,,,,,,,2010,WBSPM9C59AE202219,C59,E202219,,,,,,,,,,,,,,,
,,,,,,,2010,,,,,,,,,,,,,,,,,,
,,,,,,,2010,WBSPM9C57BE202220,C57,E202220,,,,,,,,,,,,,,,
,,,,,,,2010,WBSPM9C59BE202221,C59,E202221,,,,,,,,,,,,,,,
,,,,,,,2010,WBSPM9C50BE202222,C50,E202222,,,,,,,,,,,,,,,
,,,,,,,2010,WBSPM9C52BE202223,C52,E202223,,,,,,,,,,,,,,,
,,,,,,,2010,WBSPM9C54BE202224,C54,E202224,,,,,,,,,,,,,,,
,,,,,,,2010,WBSPM9C56BE202225,C56,E202225,,,,,,,,,,,,,,,
,,,,,,,2010,WBSPM9C58BE202226,C58,E202226,,,,,,,,,,,,,,,
,,,,,,,2010,WBSPM9C5XBE202227,C5X,E202227,,,,,,,,,,,,,,,
,,,,,,,2010,WBSPM9C51BE202228,C51,E202228,,,,,,,,,,,,,,,
,,,,,,,2010,WBSPM9C53BE202229,C53,E202229,,,,,,,,,,,,,,,
,,,,,,,2010,WBSPM9C5XBE202230,C5X,E202230,,,,,,,,,,,,,,,
,,,,,,,2010,WBSPM9C51BE202231,C51,E202231,,,,,,,,,,,,,,,
,,,,,,,2010,WBSPM9C53BE202232,C53,E202232,,,,,,,,,,,,,,,
,,,,,,,2010,WBSPM9C55BE202233,C55,E202233,,,,,,,,,,,,,,,
,,,,,,,2010,WBSPM9C57BE202234,C57,E202234,,,,,,,,,,,,,,,
,,,,,,,2010,WBSPM9C59BE202235,C59,E202235,,,,,,,,,,,,,,,
,,,,,,,2010,WBSPM9C50BE202236,C50,E202236,,,,,,,,,,,,,,,
,,,,,,,2010,WBSPM9C52BE202237,C52,E202237,,,,,,,,,,,,,,,
,,,,,,,2010,WBSPM9C54BE202238,C54,E202238,,,,,,,,,,,,,,,
,,,,,,,2010,WBSPM9C56BE202239,C56,E202239,,,,,,,,,,,,,,,
,,,,,,,2010,WBSPM9C52BE202240,C52,E202240,,,,,,,,,,,,,,,
,,,,,,,2010,WBSPM9C54BE202241,C54,E202241,,,,,,,,,,,,,,,
,,,,,,,2010,WBSPM9C56BE202242,C56,E202242,,,,,,,,,,,,,,,
,,,,,,,2010,WBSPM9C58BE202243,C58,E202243,,,,,,,,,,,,,,,
,,,,,,,2010,WBSPM9C5XBE202244,C5X,E202244,,,,,,,,,,,,,,,
,,,,,,,2010,WBSPM9C51BE202245,C51,E202245,,,,,,,,,,,,,,,
,,,,,,,2010,WBSPM9C53BE202246,C53,E202246,,,,,,,,,,,,,,,
,,,,,,,2010,WBSPM9C55BE202247,C55,E202247,,,,,,,,,,,,,,,
,,,,,,,2010,WBSPM9C57BE202248,C57,E202248,,,,,,,,,,,,,,,
,,,,,,,2010,WBSPM9C59BE202249,C59,E202249,,,,,,,,,,,,,,,
,,,,,,,2010,WBSPM9C55BE202250,C55,E202250,,,,,,,,,,,,,,,
,,,,,,,2010,WBSPM9C57BE202251,C57,E202251,,,,,,,,,,,,,,,
,,,,,,,2010,WBSPM9C59BE202252,C59,E202252,,,,,,,,,,,,,,,
,,,,,,,2010,WBSPM9C50BE202253,C50,E202253,,,,,,,,,,,,,,,
,,,,,,,2010,WBSPM9C52BE202254,C52,E202254,,,,,,,,,,,,,,,
,,,,,,,2010,WBSPM9C54BE202255,C54,E202255,,,,,,,,,,,,,,,
,,,,,,,2010,WBSPM9C56BE202256,C56,E202256,,,,,,,,,,,,,,,
,,,,,,,2010,WBSPM9C58BE202257,C58,E202257,,,,,,,,,,,,,,,
,,,, Space Gray Metallic,,NCH2 - FOX RED NOVILLO,2010,WBSPM9C51AE202258,C51,E202258,,,,,,,,,,,,,,,
,,,,A30 - Interologos Blue Met.,,NCH1 - PALLADIUM NOVILLO,2010,WBSPM9C53AE202259,C53,E202259,,,,,,,,,,,,,,,
,,,,A73 - Jerez Black Met.,,Fox Red Extended Novillo Leather,2010,WBSPM9C5XAE202260,C5X,E202260,,,,,,, BMW of Gwinnett Place,,,,,,,,
,,,,A73 - Jerez Black Met.,,NCSW - BLACK NOVILLO LEATHER,2010,WBSPM9C51AE202261,C51,E202261,,,,,,,Advantage BMW ,,,,,,,,
,,,,A73 - Jerez Black Met.,,NCSW - BLACK NOVILLO LEATHER,2010,WBSPM9C53AE202262,C53,E202262,,,,,,,BMW of San Antonio,,,,,,,,
,,,,A73 - Jerez Black Met.,,NCSW - BLACK NOVILLO LEATHER,2010,WBSPM9C55AE202263,C55,E202263,,,,,,,United BMW of Roswell,,,,,,,,
,,,,A73 - Jerez Black Met.,,NCSW - BLACK NOVILLO LEATHER,2010,WBSPM9C57AE202264,C57,E202264,,,,,,,,,,,,,,,
,,,,A73 - Jerez Black Met.,,NDSW - EXT. BLACK  NOVILLO LEATHER,2010,WBSPM9C59AE202265,C59,E202265,,,,,,,Kuni BMW,,,,,,,,
,,,,A73 - Jerez Black Met.,,Fox Red Extended Novillo Leather,2010,WBSPM9C50AE202266,C50,E202266,,,,,,,Ferman BMW,,,,,,,,
,,,,A73 - Jerez Black Met.,,NCSW - BLACK NOVILLO LEATHER,2010,WBSPM9C52AE202267,C52,E202267,,,,,,,Autobahn Motorcars,,,,,,,,
,,,,300 - Alpine White,,NCSW - BLACK NOVILLO LEATHER,2010,WBSPM9C54AE202268,C54,E202268,,,,,,,Autobahn Motorcars,,,,,,,,
,,,, Space Gray Metallic,,NCH2 - FOX RED NOVILLO,2010,WBSPM9C56AE202269,C56,E202269,,,,,,,Vista Motor Company,,,,,,,,
,,,,300 - Alpine White,,NCH3 - BAMBOO BEIGE NOVILLO LEATHER,2010,WBSPM9C52AE202270,C52,E202270,,,,,,,Thompson BMW,,,,,,,,
,,,, Space Gray Metallic,,GEAT - ANTHRACITE CLOTH,2010,WBSPM9C54AE202271,C54,E202271,,,,,,,Baron BMW/Baron MINI ,,,,,,,,
,,,, Space Gray Metallic,,NCH1 - PALLADIUM NOVILLO,2010,WBSPM9C56AE202272,C56,E202272,,,,,,,,,,,,,,,
,,,,668 - Jet Black,,NCSW - BLACK NOVILLO LEATHER,2010,WBSPM9C58AE202273,C58,E202273,,,,,,,Sharpe BMW/MINI of Grand Rapids ,,,,,,,,
,,,,668 - Jet Black,,NDH3 - EXT. BAMBOO ,2010,WBSPM9C5XAE202274,C5X,E202274,,,,,,,BMW of Austin,,,,,,,,
,,,,668 - Jet Black,,NCSW - BLACK NOVILLO LEATHER,2010,WBSPM9C51AE202275,C51,E202275,,,,,,,,,,,,,,,
,,,,668 - Jet Black,,NCSW - BLACK NOVILLO LEATHER,2010,WBSPM9C53AE202276,C53,E202276,,,,,,,,,,,,,,,
,,,,668 - Jet Black,,NCSW - BLACK NOVILLO LEATHER,2010,WBSPM9C55AE202277,C55,E202277,,,,,,,,,,,,,,,
,,,,668 - Jet Black,,NDSW - EXT. BLACK  NOVILLO LEATHER,2010,WBSPM9C57AE202278,C57,E202278,,,,,,,BMW of Fremont,,,,,,,,
,,,, Space Gray Metallic,,NCSW - BLACK NOVILLO LEATHER,2010,WBSPM9C59AE202279,C59,E202279,,,,,,,"Continental BMW of Darien , Darien",,,,,,,,
,,,, Space Gray Metallic,,NCSW - BLACK NOVILLO LEATHER,2010,WBSPM9C55AE202280,C55,E202280,,,,,,,"BMW of San Francisco , San Francisco",,,,,,,,
,,,,300 - Alpine White,,NCH2 - FOX RED NOVILLO,2010,WBSPM9C57AE202281,C57,E202281,,,,,,,"Herb Chambers BMW/MINI of Boston , Boston",,,,,,,,
,,,,A75 - Melbourne Red Met.,,NCSW - BLACK NOVILLO LEATHER,2010,WBSPM9C59AE202282,C59,E202282,,,,,,,H&H Premier Automotive,,,,,,,,
,,,, Space Gray Metallic,,NCH2 - FOX RED NOVILLO,2010,WBSPM9C50AE202283,C50,E202283,,,,,,,BMW of Watertown,,,,,,,,
,,,, Space Gray Metallic,,NCH2 - FOX RED NOVILLO,2010,WBSPM9C52AE202284,C52,E202284,,,,,,,Autogermana Inc.,,,,,,,,
,,,,300 - Alpine White,,NCSW - BLACK NOVILLO LEATHER,2010,WBSPM9C54AE202285,C54,E202285,,,,,,,Frank Kent Cadillac of Arlington,,,,,,,,
,,,,668 - Jet Black,,NCH3 - BAMBOO BEIGE NOVILLO LEATHER,2010,WBSPM9C56AE202286,C56,E202286,,,,,,,25223,,,,,,,,
,,,,300 - Alpine White,,NCSW - BLACK NOVILLO LEATHER,2010,WBSPM9C58AE202287,C58,E202287,,,,,,,26747 Momentum BMW/,,,,,,,,
,,,,300 - Alpine White,,NCH2 - FOX RED NOVILLO,2010,WBSPM9C5XAE202288,C5X,E202288,,,,,,,46891,,,,,,,,
,,,, Space Gray Metallic,,NCSW - BLACK NOVILLO LEATHER,2010,WBSPM9C51AE202289,C51,E202289,,,,,,,Laurel BMW of Westmont,,,,,,,,
,,,,300 - Alpine White,,NCSW - BLACK NOVILLO LEATHER,2010,WBSPM9C58AE202290,C58,E202290,,,,,,,Coggin BMW Treasure Coast,,,,,,,,
,,,,300 - Alpine White,,NCSW - BLACK NOVILLO LEATHER,2010,WBSPM9C5XAE202291,C5X,E202291,,,,,,,,,,,,,,,
,,,,A73 - Jerez Black Met.,,Fox Red Extended Novillo Leather,2010,WBSPM9C51AE202292,C51,E202292,,,,,,,BMW of Carlsbad,,,,,,,,
,,,,A29 - SIlverstone II,,NCSW - BLACK NOVILLO LEATHER,2010,WBSPM9C53AE202293,C53,E202293,,,,,,,BMW of Bellevue,,,,,,,,
,,,DADS old M3,668 - Jet Black,,NCSW - BLACK NOVILLO LEATHER,2010,WBSPM9C55AE202294,C55,E202294,,,,,,,Karl Knauz BMW,,,,,,,,
,,,,A29 - SIlverstone II,,NCSW - BLACK NOVILLO LEATHER,2010,WBSPM9C57AE202295,C57,E202295,,,,,,,"Classic BMW , Plano",,,,,,,,
,,,,668 - Jet Black,,NCSW - BLACK NOVILLO LEATHER,2010,WBSPM9C59AE202296,C59,E202296,,,,,,,"Tom Bush BMW MINI, Jacksonville",,,,,,,,
,,,,A73 - Jerez Black Met.,,Fox Red Extended Novillo Leather,2010,WBSPM9C50AE202297,C50,E202297,,,,,,,,,,,,,,,
,,,,A30 - Interologos Blue Met.,,NCH1 - PALLADIUM NOVILLO,2010,WBSPM9C52AE202298,C52,E202298,,,,,,,BMW of Fremont,,,,,,,,
,,,,668 - Jet Black,,NCSW - BLACK NOVILLO LEATHER,2010,WBSPM9C54AE202299,C54,E202299,,,,,,,McKenna BMW,,,,,,,,
,,,, Space Gray Metallic,,NCSW - BLACK NOVILLO LEATHER,2010,WBSPM9C57AE202300,C57,E202300,,,,,,,16491,,,,,,,,
,,,,A30 - Interologos Blue Met.,,NCSW - BLACK NOVILLO LEATHER,2010,WBSPM9C59AE202301,C59,E202301,,,,,,,BMW of Sherman Oaks,,,,,,,,
,,,,A73 - Jerez Black Met.,,NDSW - EXT. BLACK  NOVILLO LEATHER,2010,WBSPM9C50AE202302,C50,E202302,,,,,,,BMW of Fremont,,,,,,,,
,,,,300 - Alpine White,,NDH3 - EXT. BAMBOO ,2010,WBSPM9C52AE202303,C52,E202303,,,,,,,Nick Alexander Imports,,,,,,,,
,,,,A73 - Jerez Black Met.,,NCSW - BLACK NOVILLO LEATHER,2010,WBSPM9C54AE202304,C54,E202304,,,,,,Stevens Point Original,63766,,,,,,,,
,,,,300 - Alpine White,,NCSW - BLACK NOVILLO LEATHER,2010,WBSPM9C56AE202305,C56,E202305,,,,,,,New Century BMW,,,,,,,,
,,,,A73 - Jerez Black Met.,,NCH3 - BAMBOO BEIGE NOVILLO LEATHER,2010,WBSPM9C58AE202306,C58,E202306,,,,,,,,,,,,,,,
,,,,A29 - SIlverstone II,,NCSW - BLACK NOVILLO LEATHER,2010,WBSPM9C5XAE202307,C5X,E202307,,,,,,,BMW Seattle,,,,,,,,
,,,, Space Gray Metallic,,NDSW - EXT. BLACK  NOVILLO LEATHER,2010,WBSPM9C51AE202308,C51,E202308,,,,,,,BMW of Fremont,,,,,,,,
,,,,381 - Le Mans Blue Met.,,NCH1 - PALLADIUM NOVILLO,2010,WBSPM9C53AE202309,C53,E202309,,,,,,,,,,,,,,,
,,,,A29 - SIlverstone II,,Fox Red Extended Novillo Leather,2010,WBSPM9C5XAE202310,C5X,E202310,,,,,,,BMW of Fremont,,,,,,,,
,,,,A73 - Jerez Black Met.,,NCH3 - BAMBOO BEIGE NOVILLO LEATHER,2010,WBSPM9C51AE202311,C51,E202311,,,,,,,BMW of San Francisco,,,,,,,,
,,,,A73 - Jerez Black Met.,,NCH3 - BAMBOO BEIGE NOVILLO LEATHER,2010,WBSPM9C53AE202312,C53,E202312,,,,,,,21618,,,,,,,,
,,,,A75 - Melbourne Red Met.,,NCH3 - BAMBOO BEIGE NOVILLO LEATHER,2010,WBSPM9C55AE202313,C55,E202313,,,,,,,96628,,,,,,,,
,,,,300 - Alpine White,,NCSW - BLACK NOVILLO LEATHER,2010,WBSPM9C57AE202314,C57,E202314,,,,,,,21390,,,,,,,,
,,,,668 - Jet Black,,NCSW - BLACK NOVILLO LEATHER,2010,WBSPM9C59AE202315,C59,E202315,,,,,,,,,,,,,,,
,,,, Space Gray Metallic,,NCH1 - PALLADIUM NOVILLO,2010,WBSPM9C50AE202316,C50,E202316,,,,,,,,,,,,,,,
,,,,668 - Jet Black,,NCSW - BLACK NOVILLO LEATHER,2010,WBSPM9C52AE202317,C52,E202317,,,,,,,46697,,,,,,,,
,,,, Space Gray Metallic,,NCSW - BLACK NOVILLO LEATHER,2010,WBSPM9C54AE202318,C54,E202318,,,,,,,33204,,,,,,,,
,,,, Space Gray Metallic,,Fox Red Extended Novillo Leather,2010,WBSPM9C56AE202319,C56,E202319,,,,,,,86310,,,,,,,,
,,,,668 - Jet Black,,NCSW - BLACK NOVILLO LEATHER,2010,WBSPM9C52AE202320,C52,E202320,,,,,,,BMW of Toledo,,,,,,,,
,,,, Space Gray Metallic,,NCSW - BLACK NOVILLO LEATHER,2010,WBSPM9C54AE202321,C54,E202321,,,,,,,36299,,,,,,,,
,,,,A73 - Jerez Black Met.,,NCSW - BLACK NOVILLO LEATHER,2010,WBSPM9C56AE202322,C56,E202322,,,,,,,56398,,,,,,,,
,,,,300 - Alpine White,,NCH2 - FOX RED NOVILLO,2010,WBSPM9C58AE202323,C58,E202323,,,,,,,,,,,,,,,
,,,, Space Gray Metallic,,NCH2 - FOX RED NOVILLO,2010,WBSPM9C5XAE202324,C5X,E202324,,,,,,,,,,,,,,,
,,,, Space Gray Metallic,,Fox Red Extended Novillo Leather,2010,WBSPM9C51AE202325,C51,E202325,,,,,,,23372,,,,,,,,
,,,, Space Gray Metallic,,NCSW - BLACK NOVILLO LEATHER,2010,WBSPM9C53AE202326,C53,E202326,,,,,,,,,,,,,,,
,,,,A29 - SIlverstone II,,NDH1 - EXT. PALLADIUM,2010,WBSPM9C55AE202327,C55,E202327,,,,,,,95267,,,,,,,,
,,,,300 - Alpine White,,NCSW - BLACK NOVILLO LEATHER,2010,WBSPM9C57AE202328,C57,E202328,,,,,,,16491,,,,,,,,
,,,,668 - Jet Black,,NCSW - BLACK NOVILLO LEATHER,2010,WBSPM9C59AE202329,C59,E202329,,,,,,,,,,,,,,,
,,,,668 - Jet Black,,NCSW - BLACK NOVILLO LEATHER,2010,WBSPM9C55AE202330,C55,E202330,,,,,,,,,,,,,,,
,,,,668 - Jet Black,,NCSW - BLACK NOVILLO LEATHER,2010,WBSPM9C57AE202331,C57,E202331,,,,,,,,,,,,,,,
,,,,300 - Alpine White,,NDSW - EXT. BLACK  NOVILLO LEATHER,2010,WBSPM9C59AE202332,C59,E202332,,,,,,,,,,,,,,,
,,,,A73 - Jerez Black Met.,,NCSW - BLACK NOVILLO LEATHER,2010,WBSPM9C50AE202333,C50,E202333,,,,,,,,,,,,,,,
,,,,300 - Alpine White,,NDH1 - EXT. PALLADIUM,2010,WBSPM9C52AE202334,C52,E202334,,,,,,,,,,,,,,,
,,,, Space Gray Metallic,,NCSW - BLACK NOVILLO LEATHER,2010,WBSPM9C54AE202335,C54,E202335,,,,,,,,,,,,,,,
,,,,668 - Jet Black,,NCSW - BLACK NOVILLO LEATHER,2010,WBSPM9C56AE202336,C56,E202336,,,,,,,,,,,,,,,
,,,,668 - Jet Black,,NCSW - BLACK NOVILLO LEATHER,2010,WBSPM9C58AE202337,C58,E202337,,,,,,,,,,,,,,,
,,,,300 - Alpine White,,NCSW - BLACK NOVILLO LEATHER,2010,WBSPM9C5XAE202338,C5X,E202338,,,,,,,,,,,,,,,
,,,,300 - Alpine White,,NCSW - BLACK NOVILLO LEATHER,2010,WBSPM9C51AE202339,C51,E202339,,,,,,,,,,,,,,,
,,,,A73 - Jerez Black Met.,,NCSW - BLACK NOVILLO LEATHER,2010,WBSPM9C58AE202340,C58,E202340,,,,,,,,,,,,,,,
,,,, Space Gray Metallic,,NCSW - BLACK NOVILLO LEATHER,2010,WBSPM9C5XAE202341,C5X,E202341,,,,,,,,,,,,,,,
,,,,A73 - Jerez Black Met.,,NCSW - BLACK NOVILLO LEATHER,2010,WBSPM9C51AE202342,C51,E202342,,,,,,,,,,,,,,,
,,,, Space Gray Metallic,,NCSW - BLACK NOVILLO LEATHER,2010,WBSPM9C53AE202343,C53,E202343,,,,,,,,,,,,,,,
,,,,A73 - Jerez Black Met.,,NCSW - BLACK NOVILLO LEATHER,2010,WBSPM9C55AE202344,C55,E202344,,,,,,,,,,,,,,,
,,,, Space Gray Metallic,,NCSW - BLACK NOVILLO LEATHER,2010,WBSPM9C57AE202345,C57,E202345,,,,,,,,,,,,,,,
,,,,300 - Alpine White,,NCSW - BLACK NOVILLO LEATHER,2010,WBSPM9C59AE202346,C59,E202346,,,,,,,,,,,,,,,
,,,,A73 - Jerez Black Met.,,NDSW - EXT. BLACK  NOVILLO LEATHER,2010,WBSPM9C50AE202347,C50,E202347,,,,,,,,,,,,,,,
,,,,A73 - Jerez Black Met.,,NCH1 - PALLADIUM NOVILLO,2010,WBSPM9C52AE202348,C52,E202348,,,,,,,,,,,,,,,
,,,,668 - Jet Black,,Fox Red Extended Novillo Leather,2010,WBSPM9C54AE202349,C54,E202349,,,,,,,,,,,,,,,
,,,, Space Gray Metallic,,NCSW - BLACK NOVILLO LEATHER,2010,WBSPM9C50AE202350,C50,E202350,,,,,,,,,,,,,,,
,,,,A73 - Jerez Black Met.,,NCSW - BLACK NOVILLO LEATHER,2010,WBSPM9C52AE202351,C52,E202351,,,,,,,,,,,,,,,
,,,,668 - Jet Black,,NCH2 - FOX RED NOVILLO,2010,WBSPM9C54AE202352,C54,E202352,,,,,,,,,,,,,,,
,,,, Space Gray Metallic,,NCSW - BLACK NOVILLO LEATHER,2010,WBSPM9C56AE202353,C56,E202353,,,,,,,,,,,,,,,
,,,,A73 - Jerez Black Met.,,NCH3 - BAMBOO BEIGE NOVILLO LEATHER,2010,WBSPM9C58AE202354,C58,E202354,,,,,,,,,,,,,,,
,,,,A73 - Jerez Black Met.,,NCSW - BLACK NOVILLO LEATHER,2010,WBSPM9C5XAE202355,C5X,E202355,,,,,,,,,,,,,,,
,,,,A73 - Jerez Black Met.,,NCH1 - PALLADIUM NOVILLO,2010,WBSPM9C51AE202356,C51,E202356,,,,,,,,,,,,,,,
,,,,668 - Jet Black,,NCSW - BLACK NOVILLO LEATHER,2010,WBSPM9C53AE202357,C53,E202357,,,,,,,,,,,,,,,
,,,,A73 - Jerez Black Met.,,NDSW - EXT. BLACK  NOVILLO LEATHER,2010,WBSPM9C55AE202358,C55,E202358,,,,,,,,,,,,,,,
,,,,668 - Jet Black,,NCSW - BLACK NOVILLO LEATHER,2010,WBSPM9C57AE202359,C57,E202359,,,,,,,,,,,,,,,
,,,,"X04 - Moonstone - $5,000.00",,NDH1 - EXT. PALLADIUM,2010,WBSPM9C53AE202360,C53,E202360,,,,,,,,,,,,,,,
,,,, Space Gray Metallic,,NCSW - BLACK NOVILLO LEATHER,2010,WBSPM9C55AE202361,C55,E202361,,,,,,,,,,,,,,,
,,,, Space Gray Metallic,,NCSW - BLACK NOVILLO LEATHER,2010,WBSPM9C57AE202362,C57,E202362,,,,,,,,,,,,,,,
,,,, Space Gray Metallic,,NCSW - BLACK NOVILLO LEATHER,2010,WBSPM9C59AE202363,C59,E202363,,,,,,,,,,,,,,,
,,,, Space Gray Metallic,,NCSW - BLACK NOVILLO LEATHER,2010,WBSPM9C50AE202364,C50,E202364,,,,,,,,,,,,,,,
,,,,668 - Jet Black,,NCSW - BLACK NOVILLO LEATHER,2010,WBSPM9C52AE202365,C52,E202365,,,,,,,,,,,,,,,
,,,,300 - Alpine White,,NCSW - BLACK NOVILLO LEATHER,2010,WBSPM9C54AE202366,C54,E202366,,,,,,,,,,,,,,,
,,,,300 - Alpine White,,NCSW - BLACK NOVILLO LEATHER,2010,WBSPM9C56AE202367,C56,E202367,,,,,,,,,,,,,,,
,,,,300 - Alpine White,,NCSW - BLACK NOVILLO LEATHER,2010,WBSPM9C58AE202368,C58,E202368,,,,,,,,,,,,,,,
,,,,300 - Alpine White,,NCSW - BLACK NOVILLO LEATHER,2010,WBSPM9C5XAE202369,C5X,E202369,,,,,,,,,,,,,,,
,,,, Space Gray Metallic,,NCH1 - PALLADIUM NOVILLO,2010,WBSPM9C56AE202370,C56,E202370,,,,,,,,,,,,,,,
,,,, Space Gray Metallic,,NCH2 - FOX RED NOVILLO,2010,WBSPM9C58AE202371,C58,E202371,,,,,,,,,,,,,,,
,,,,300 - Alpine White,,NCSW - BLACK NOVILLO LEATHER,2010,WBSPM9C5XAE202372,C5X,E202372,,,,,,,,,,,,,,,
,,,,381 - Le Mans Blue Met.,,NCH1 - PALLADIUM NOVILLO,2010,WBSPM9C51AE202373,C51,E202373,,,,,,,,,,,,,,,
,,,,A30 - Interologos Blue Met.,,NDSW - EXT. BLACK  NOVILLO LEATHER,2010,WBSPM9C53AE202374,C53,E202374,,,,,,,,,,,,,,,
,,,,A29 - SIlverstone II,,NCH2 - FOX RED NOVILLO,2010,WBSPM9C55AE202375,C55,E202375,,,,,,,,,,,,,,,
,,,,A29 - SIlverstone II,,NCSW - BLACK NOVILLO LEATHER,2010,WBSPM9C57AE202376,C57,E202376,,,,,,,,,,,,,,,
,,,,A30 - Interologos Blue Met.,,NCH1 - PALLADIUM NOVILLO,2010,WBSPM9C59AE202377,C59,E202377,,,,,,,,,,,,,,,
,,,,A30 - Interologos Blue Met.,,NCSW - BLACK NOVILLO LEATHER,2010,WBSPM9C50AE202378,C50,E202378,,,,,,,,,,,,,,,
,,,,A29 - SIlverstone II,,NCSW - BLACK NOVILLO LEATHER,2010,WBSPM9C52AE202379,C52,E202379,,,,,,,,,,,,,,,
,,,,A75 - Melbourne Red Met.,,NCH3 - BAMBOO BEIGE NOVILLO LEATHER,2010,WBSPM9C59AE202380,C59,E202380,,,,,,,,,,,,,,,
,,,,A73 - Jerez Black Met.,,NCSW - BLACK NOVILLO LEATHER,2010,WBSPM9C50AE202381,C50,E202381,,,,,,,,,,,,,,,
,,,,381 - Le Mans Blue Met.,,NCH1 - PALLADIUM NOVILLO,2010,WBSPM9C52AE202382,C52,E202382,,,,,,,,,,,,,,,
,,,,300 - Alpine White,,NCSW - BLACK NOVILLO LEATHER,2010,WBSPM9C54AE202383,C54,E202383,,,,,,,,,,,,,,,
,,,, Space Gray Metallic,,NCSW - BLACK NOVILLO LEATHER,2010,WBSPM9C56AE202384,C56,E202384,,,,,,,,,,,,,,,
,,,,300 - Alpine White,,NCSW - BLACK NOVILLO LEATHER,2010,WBSPM9C58AE202385,C58,E202385,,,,,,,,,,,,,,,
,,,,300 - Alpine White,,NCSW - BLACK NOVILLO LEATHER,2010,WBSPM9C5XAE202386,C5X,E202386,,,,,,,,,,,,,,,
,,,,300 - Alpine White,,NCH2 - FOX RED NOVILLO,2010,WBSPM9C51AE202387,C51,E202387,,,,,,,,,,,,,,,
,,,, Space Gray Metallic,,NCSW - BLACK NOVILLO LEATHER,2010,WBSPM9C53AE202388,C53,E202388,,,,,,,,,,,,,,,
,,,,A73 - Jerez Black Met.,,NCSW - BLACK NOVILLO LEATHER,2010,WBSPM9C55AE202389,C55,E202389,,,,,,,,,,,,,,,
,,,,A29 - SIlverstone II,,NCSW - BLACK NOVILLO LEATHER,2010,WBSPM9C51AE202390,C51,E202390,,,,,,,,,,,,,,,
,,,,A73 - Jerez Black Met.,,NCSW - BLACK NOVILLO LEATHER,2010,WBSPM9C53AE202391,C53,E202391,,,,,,,,,,,,,,,
,,,,A73 - Jerez Black Met.,,NCSW - BLACK NOVILLO LEATHER,2010,WBSPM9C55AE202392,C55,E202392,,,,,,,,,,,,,,,
,,,,A73 - Jerez Black Met.,,NCSW - BLACK NOVILLO LEATHER,2010,WBSPM9C57AE202393,C57,E202393,,,,,,,,,,,,,,,
,,,, Space Gray Metallic,,NCSW - BLACK NOVILLO LEATHER,2010,WBSPM9C59AE202394,C59,E202394,,,,,,,,,,,,,,,
,,,, Space Gray Metallic,,NCH1 - PALLADIUM NOVILLO,2010,WBSPM9C50AE202395,C50,E202395,,,,,,,,,,,,,,,
,,,,300 - Alpine White,,NDH3 - EXT. BAMBOO ,2010,WBSPM9C52AE202396,C52,E202396,,,,,,,,,,,,,,,
,,,,300 - Alpine White,,NCH2 - FOX RED NOVILLO,2010,WBSPM9C54AE202397,C54,E202397,,,,,,,,,,,,,,,
,,,,A29 - SIlverstone II,,NCH2 - FOX RED NOVILLO,2010,WBSPM9C56AE202398,C56,E202398,,,,,,,,,,,,,,,
,,,,A73 - Jerez Black Met.,,NCSW - BLACK NOVILLO LEATHER,2010,WBSPM9C58AE202399,C58,E202399,,,,,,,,,,,,,,,
,,,,A73 - Jerez Black Met.,,NCH2 - FOX RED NOVILLO,2010,WBSPM9C50AE202400,C50,E202400,,,,,,,,,,,,,,,
,,,,A29 - SIlverstone II,,GEAT - ANTHRACITE CLOTH,2010,WBSPM9C52AE202401,C52,E202401,,,,,,,,,,,,,,,
,,,,381 - Le Mans Blue Met.,,NCH3 - BAMBOO BEIGE NOVILLO LEATHER,2010,WBSPM9C54AE202402,C54,E202402,,,,,,,,,,,,,,,
,,,,300 - Alpine White,,NCH3 - BAMBOO BEIGE NOVILLO LEATHER,2010,WBSPM9C56AE202403,C56,E202403,,,,,,,,,,,,,,,
,,,,668 - Jet Black,,NCSW - BLACK NOVILLO LEATHER,2010,WBSPM9C58AE202404,C58,E202404,,,,,,,,,,,,,,,
,,,,668 - Jet Black,,NCSW - BLACK NOVILLO LEATHER,2010,WBSPM9C5XAE202405,C5X,E202405,,,,,,,,,,,,,,,
,,,,300 - Alpine White,,Fox Red Extended Novillo Leather,2010,WBSPM9C51AE202406,C51,E202406,,,,,,,,,,,,,,,
,,,,300 - Alpine White,,NDSW - EXT. BLACK  NOVILLO LEATHER,2010,WBSPM9C53AE202407,C53,E202407,,,,,,,,,,,,,,,
,,,, Space Gray Metallic,,NDH1 - EXT. PALLADIUM,2010,WBSPM9C55AE202408,C55,E202408,,,,,,,,,,,,,,,
,,,,A30 - Interologos Blue Met.,,NCH2 - FOX RED NOVILLO,2010,WBSPM9C57AE202409,C57,E202409,,,,,,,,,,,,,,,
,,,,A30 - Interologos Blue Met.,,NCSW - BLACK NOVILLO LEATHER,2010,WBSPM9C53AE202410,C53,E202410,,,,,,,Laurel BMW of Westmont,,,,,,,,
,,,,A73 - Jerez Black Met.,,NCSW - BLACK NOVILLO LEATHER,2010,WBSPM9C55AE202411,C55,E202411,,,,,,,BMW of Carlsbad,,,,,,,,
,,,, Space Gray Metallic,,NCH1 - PALLADIUM NOVILLO,2010,WBSPM9C57AE202412,C57,E202412,,,,,,"TOTAL LOSS Vehicle exported from
Seattle, WA and imported to
Lithuania",BMW of Bellevue,,,,,,,,
,,,, Space Gray Metallic,,NCH1 - PALLADIUM NOVILLO,2010,WBSPM9C59AE202413,C59,E202413,,,,,,,Pace BMW,,,,,,,,
,,,,668 - Jet Black,,NCSW - BLACK NOVILLO LEATHER,2010,WBSPM9C50AE202414,C50,E202414,,,,,,,,,,,,,,,
,,,, Space Gray Metallic,,NCSW - BLACK NOVILLO LEATHER,2010,WBSPM9C52AE202415,C52,E202415,,,,,,,,,,,,,,,
,,,,300 - Alpine White,,NCH3 - BAMBOO BEIGE NOVILLO LEATHER,2010,WBSPM9C54AE202416,C54,E202416,,,,,,,SHELLY BMW,,,,,,,,
,,,, Space Gray Metallic,,NCSW - BLACK NOVILLO LEATHER,2010,WBSPM9C56AE202417,C56,E202417,,,,,,TOTAL LOSS,Elmhurst BMW,,,,,,,,
,,,,A73 - Jerez Black Met.,,Fox Red Extended Novillo Leather,2010,WBSPM9C58AE202418,C58,E202418,,,,,,EXPORTED TO CANADA,BMW Of Salem,,,,,,,,
,,,,300 - Alpine White,,NCSW - BLACK NOVILLO LEATHER,2010,WBSPM9C5XAE202419,C5X,E202419,,,,,,,,,,,,,,,
,,,,A73 - Jerez Black Met.,,NCSW - BLACK NOVILLO LEATHER,2010,WBSPM9C56AE202420,C56,E202420,,,,,,,BMW & Mini of Sterling,,,,,,,,
,,,,A30 - Interologos Blue Met.,,NDSW - EXT. BLACK  NOVILLO LEATHER,2010,WBSPM9C58AE202421,C58,E202421,,,,,,,BMW of Arlington,,,,,,,,
,,,,A73 - Jerez Black Met.,,NCSW - BLACK NOVILLO LEATHER,2010,WBSPM9C58BE202422,C58,E202422,,,,,,,,,,,,,,,
,,,,A75 - Melbourne Red Met.,,NCSW - BLACK NOVILLO LEATHER,2010,WBSPM9C51AE202423,C51,E202423,,,,,,,"BMW AG, Regensburg",,,,,,,,
